{"cameraMode":{"drawMode":0,"name":"Shaded","section":"Shading Mode"},"sceneLighting":false,"audioPlay":false,"sceneViewState":{"showFog":true,"showMaterialUpdate":false,"showSkybox":false,"showFlares":true,"showImageEffects":true,"showParticleSystems":true,"showVisualEffectGraphs":true,"m_FxEnabled":true},"in2DMode":false,"pivot":{"x":-43.67384338378906,"y":1.7838340997695923,"z":-85.32977294921875},"rotation":{"x":0.008660569787025452,"y":0.9740761518478394,"z":-0.22447042167186738,"w":0.03644181415438652},"size":2.7224206924438478,"orthographic":false}